course,branch,category,cutoff_rank
BSCNURS,OVT,1H,67166
BSCNURS,OVT,1H,81698
BSCNURS,OVT,1H,97317
BSCNURS,OVT,1H,135476
BSCNURS,OVT,1H,83790
BSCNURS,OVT,1H,135979
BSCNURS,OVT,1H,89373
BSCNURS,OVT,1H,151649
BSCNURS,OVT,1H,15614
BSCNURS,OVT,1H,162748
BSCNURS,OVT,1H,168544
BSCNURS,OVT,1H,139107
BSCNURS,OVT,1H,103386
BSCNURS,OVT,1H,169352
BSCNURS,OVT,1H,82668
BSCNURS,OVT,1H,135203
BSCNURS,OVT,1H,109990
BSCNURS,OVT,1H,110734
BSCNURS,OVT,1H,87171
BSCNURS,OVT,1H,113307
BSCNURS,OVT,1H,137451
BSCNURS,OVT,1H,129327
BSCNURS,OVT,1H,108485
BSCNURS,OVT,1H,109302
BSCNURS,OVT,1H,118076
BSCNURS,OVT,1H,181874
BSCNURS,OVT,1H,10076
BSCNURS,OVT,1H,100669
BSCNURS,GOVT,1H,15933
BSCNURS,OVT,1KH,24281
BSCNURS,OVT,1KH,74267
BSCNURS,OVT,1KH,90621
BSCNURS,OVT,1KH,74342
BSCNURS,OVT,1KH,173246
BSCNURS,OVT,1KH,74553
BSCNURS,OVT,2AH,40491
BSCNURS,OVT,2AH,67821
BSCNURS,OVT,2AH,77138
BSCNURS,OVT,2AH,07757
BSCNURS,OVT,2AH,09475
BSCNURS,OVT,2AH,19575
BSCNURS,OVT,2AH,10575
BSCNURS,OVT,2AH,17115
BSCNURS,OVT,2AH,20803
BSCNURS,OVT,2AH,94717
BSCNURS,OVT,2AH,21853
BSCNURS,OVT,2AH,84282
BSCNURS,OVT,2AH,35303
BSCNURS,OVT,2AH,26060
BSCNURS,OVT,2AH,28526
BSCNURS,OVT,2AH,42178
BSCNURS,OVT,2AH,31284
BSCNURS,OVT,2AH,38938
BSCNURS,OVT,2AH,13941
BSCNURS,OVT,2AH,15352
BSCNURS,OVT,2AH,26367
BSCNURS,OVT,2AH,36497
BSCNURS,OVT,2AH,43585
BSCNURS,OVT,2AH,45930
BSCNURS,OVT,2AH,58437
BSCNURS,OVT,2AH,48052
BSCNURS,OVT,2AH,48721
BSCNURS,OVT,2AH,58673
BSCNURS,OVT,2AH,56887
BSCNURS,OVT,2AH,64774
BSCNURS,OVT,2AH,52624
BSCNURS,OVT,2AH,42695
BSCNURS,OVT,2AH,64881
BSCNURS,OVT,2AH,65880
BSCNURS,OVT,2AH,95502
BSCNURS,OVT,2AH,15297
BSCNURS,OVT,2AH,66641
BSCNURS,OVT,2AH,67928
BSCNURS,OVT,2AH,29149
BSCNURS,OVT,2AH,25203
BSCNURS,OVT,2AH,43158
BSCNURS,OVT,2AH,91439
BSCNURS,OVT,2AH,61385
BSCNURS,OVT,2AH,68904
BSCNURS,OVT,2AH,24978
BSCNURS,OVT,2AH,05759
BSCNURS,OVT,2AH,83548
BSCNURS,OVT,2AH,22043
BSCNURS,OVT,2AH,10641
BSCNURS,OVT,2AH,79137
BSCNURS,OVT,2AH,27634
BSCNURS,OVT,2AH,31988
BSCNURS,OVT,2AH,60880
BSCNURS,OVT,2AH,90671
BSCNURS,OVT,2AH,41762
BSCNURS,OVT,2AH,89994
BSCNURS,OVT,2AH,93111
BSCNURS,OVT,2AH,78438
BSCNURS,OVT,2AH,98343
BSCNURS,OVT,2AH,16594
BSCNURS,OVT,2AH,28160
BSCNURS,OVT,2AH,00411
BSCNURS,OVT,2AH,03844
BSCNURS,OVT,2AH,21709
BSCNURS,OVT,2AH,93168
BSCNURS,OVT,2AH,22718
BSCNURS,OVT,2AH,09055
BSCNURS,OVT,2AH,08074
BSCNURS,OVT,2AH,93062
BSCNURS,OVT,2AH,90577
BSCNURS,OVT,2AH,96772
BSCNURS,OVT,2AH,34258
BSCNURS,OVT,2AH,55462
BSCNURS,OVT,2AH,29223
BSCNURS,OVT,2AH,14300
BSCNURS,OVT,2AH,17156
BSCNURS,OVT,2AH,19414
BSCNURS,OVT,2AH,10198
BSCNURS,OVT,2AH,18107
BSCNURS,OVT,2AH,13544
BSCNURS,OVT,2AH,21255
BSCNURS,OVT,2AH,2967
BSCNURS,OVT,2AH,5198
BSCNURS,OVT,2AH,0742
BSCNURS,OVT,2AH,29100
BSCNURS,OVT,2AH,69960
BSCNURS,OVT,2AH,96893
BSCNURS,OVT,2AH,47829
BSCNURS,OVT,2AH,34898
BSCNURS,OVT,2AH,21024
BSCNURS,OVT,2AH,62546
BSCNURS,OVT,2AH,33707
BSCNURS,OVT,2AH,49322
BSCNURS,OVT,2AH,30439
BSCNURS,OVT,2AH,02240
BSCNURS,OVT,2AH,86846
BSCNURS,OVT,2AH,94609
BSCNURS,OVT,2AH,00324
BSCNURS,OVT,2AKH,3671
BSCNURS,OVT,2AKH,2187
BSCNURS,OVT,2AKH,6077
BSCNURS,OVT,2AKH,1991
BSCNURS,OVT,2AKH,4364
BSCNURS,OVT,2AKH,93314
BSCNURS,OVT,2ARH,10533
BSCNURS,OVT,2ARH,12285
BSCNURS,OVT,2ARH,14176
BSCNURS,OVT,2ARH,14297
BSCNURS,OVT,2ARH,12700
BSCNURS,OVT,2ARH,16161
BSCNURS,OVT,2ARH,12368
BSCNURS,OVT,2ARH,16720
BSCNURS,OVT,2ARH,73155
BSCNURS,OVT,2ARH,14175
BSCNURS,OVT,2ARH,11886
BSCNURS,OVT,2ARH,11871
BSCNURS,OVT,2ARH,12533
BSCNURS,OVT,2ARH,10035
BSCNURS,OVT,2ARH,96487
BSCNURS,OVT,2ARH,13978
BSCNURS,OVT,2ARH,11060
BSCNURS,OVT,2ARH,16657
BSCNURS,OVT,2ARH,11945
BSCNURS,OVT,2BH,14139
BSCNURS,OVT,2BH,64286
BSCNURS,OVT,2BH,85123
BSCNURS,OVT,2BH,15388
BSCNURS,OVT,2BH,13991
BSCNURS,OVT,2BH,10435
BSCNURS,OVT,2BH,15423
BSCNURS,OVT,2BH,86424
BSCNURS,OVT,2BH,16109
BSCNURS,OVT,2BH,89304
BSCNURS,OVT,2BH,74453
BSCNURS,OVT,2BH,10897
BSCNURS,OVT,2BH,16874
BSCNURS,OVT,2BH,12834
BSCNURS,OVT,2BH,11952
BSCNURS,OVT,2BH,10571
BSCNURS,OVT,2BH,10038
BSCNURS,OVT,2BH,10372
BSCNURS,OVT,2BH,17065
BSCNURS,OVT,2BH,11474
BSCNURS,OVT,2BH,72918
BSCNURS,OVT,2BH,12669
BSCNURS,OVT,2BH,12165
BSCNURS,OVT,2BH,15652
BSCNURS,OVT,2BH,11774
BSCNURS,OVT,2BH,11875
BSCNURS,OVT,2BH,11490
BSCNURS,OVT,2BH,18849
BSCNURS,OVT,2BH,11168
BSCNURS,OVT,2BKH,17133
BSCNURS,OVT,2BRH,15604
BSCNURS,OVT,2BRH,15872
BSCNURS,OVT,2BRH,16622
BSCNURS,OVT,2BRH,14594
BSCNURS,OVT,2BRH,97163
BSCNURS,OVT,3AH,13903
BSCNURS,OVT,3AH,16157
BSCNURS,OVT,3AH,13712
BSCNURS,OVT,3AH,17015
BSCNURS,OVT,3AH,19238
BSCNURS,OVT,3AH,52652
BSCNURS,OVT,3AH,17268
BSCNURS,OVT,3AH,69812
BSCNURS,OVT,3AH,15272
BSCNURS,OVT,3AH,99914
BSCNURS,OVT,3AH,12857
BSCNURS,OVT,3AH,16699
BSCNURS,OVT,3AH,11892
BSCNURS,OVT,3AH,12086
BSCNURS,OVT,3AH,12137
BSCNURS,OVT,3AH,16482
BSCNURS,OVT,3AH,21625
BSCNURS,OVT,3AH,18083
BSCNURS,OVT,3AH,19611
BSCNURS,OVT,3ARH,145083
BSCNURS,OVT,3ARH,222338
BSCNURS,OVT,3ARH,12826
BSCNURS,OVT,3BH,22053
BSCNURS,OVT,3BH,83261
BSCNURS,OVT,3BH,133766
BSCNURS,OVT,3BH,121722
BSCNURS,OVT,3BH,79360
BSCNURS,OVT,3BH,29360
BSCNURS,OVT,3BH,86126
BSCNURS,OVT,3BH,36611
BSCNURS,OVT,3BH,42513
BSCNURS,OVT,3BH,51133
BSCNURS,OVT,3BH,39700
BSCNURS,OVT,3BH,98294
BSCNURS,OVT,3BH,09488
BSCNURS,OVT,3BH,27007
BSCNURS,OVT,3BH,57167
BSCNURS,OVT,3BH,93197
BSCNURS,OVT,3BH,112905
BSCNURS,OVT,3BH,73565
BSCNURS,OVT,3BH,62451
BSCNURS,OVT,3BH,79316
BSCNURS,OVT,3BH,09084
BSCNURS,OVT,3BH,05966
BSCNURS,OVT,3BH,06332
BSCNURS,OVT,3BH,19891
BSCNURS,OVT,3BH,71292
BSCNURS,OVT,3BH,66643
BSCNURS,OVT,3BH,17513
BSCNURS,OVT,3BH,20210
BSCNURS,OVT,3BH,18195
BSCNURS,OVT,3BH,20505
BSCNURS,OVT,3BH,05767
BSCNURS,OVT,3BH,68136
BSCNURS,OVT,3BH,98287
BSCNURS,OVT,3BH,67172
BSCNURS,OVT,3BH,06592
BSCNURS,OVT,3BKH,2604
BSCNURS,OVT,3BKH,2452
BSCNURS,OVT,3BRH,06018
BSCNURS,OVT,3BRH,2776
BSCNURS,OVT,3BRH,60875
BSCNURS,OVT,3BRH,71568
BSCNURS,OVT,3BRH,53921
BSCNURS,OVT,3BRH,112156
BSCNURS,OVT,GMH,29151
BSCNURS,OVT,GMH,45565
BSCNURS,OVT,GMH,85259
BSCNURS,OVT,GMH,04896
BSCNURS,OVT,GMH,41298
BSCNURS,OVT,GMH,10673
BSCNURS,OVT,GMH,69269
BSCNURS,OVT,GMH,60011
BSCNURS,OVT,GMH,79579
BSCNURS,OVT,GMH,02614
BSCNURS,OVT,GMH,96421
BSCNURS,OVT,GMH,07390
BSCNURS,OVT,GMH,10086
BSCNURS,OVT,GMH,76797
BSCNURS,OVT,GMH,06997
BSCNURS,OVT,GMH,73499
BSCNURS,OVT,GMH,70459
BSCNURS,OVT,GMH,80881
BSCNURS,OVT,GMH,12982
BSCNURS,OVT,GMH,02106
BSCNURS,OVT,GMH,13220
BSCNURS,OVT,GMH,14000
BSCNURS,OVT,GMH,25816
BSCNURS,OVT,GMH,01660
BSCNURS,OVT,GMH,91388
BSCNURS,OVT,GMH,26880
BSCNURS,OVT,GMH,1848
BSCNURS,OVT,GMH,2391
BSCNURS,OVT,GMH,1717
BSCNURS,OVT,GMH,69538
BSCNURS,OVT,GMH,0352
BSCNURS,OVT,GMH,99709
BSCNURS,OVT,GMH,130825
BSCNURS,OVT,GMH,134638
BSCNURS,OVT,GMH,75732
BSCNURS,OVT,GMH,91739
BSCNURS,OVT,GMH,13446
BSCNURS,OVT,GMH,12035
BSCNURS,OVT,GMH,1364
BSCNURS,OVT,GMH,3569
BSCNURS,OVT,GMH,3529
BSCNURS,OVT,GMH,4029
BSCNURS,OVT,GMH,1641
BSCNURS,OVT,GMH,4068
BSCNURS,OVT,GMH,01178
BSCNURS,OVT,GMH,25543
BSCNURS,OVT,GMH,15745
BSCNURS,OVT,GMH,11624
BSCNURS,OVT,GMH,33036
BSCNURS,OVT,GMH,31633
BSCNURS,OVT,GMH,12508
BSCNURS,OVT,GMH,17247
BSCNURS,OVT,GMH,30815
BSCNURS,OVT,GMH,37927
BSCNURS,OVT,GMH,82698
BSCNURS,OVT,GMH,33859
BSCNURS,OVT,GMH,43504
BSCNURS,OVT,GMH,32667
BSCNURS,OVT,GMH,47965
BSCNURS,OVT,GMH,26549
BSCNURS,OVT,GMH,44275
BSCNURS,OVT,GMH,26232
BSCNURS,OVT,GMH,28032
BSCNURS,OVT,GMH,42892
BSCNURS,OVT,GMH,51772
BSCNURS,OVT,GMH,34043
BSCNURS,OVT,GMH,38038
BSCNURS,OVT,GMH,35731
BSCNURS,OVT,GMH,26736
BSCNURS,OVT,GMH,43949
BSCNURS,OVT,GMH,34873
BSCNURS,OVT,GMH,44675
BSCNURS,OVT,GMH,37602
BSCNURS,OVT,GMH,14835
BSCNURS,OVT,GMH,94044
BSCNURS,OVT,GMH,98686
BSCNURS,OVT,GMH,136819
BSCNURS,OVT,GMH,157786
BSCNURS,OVT,GMH,157811
BSCNURS,OVT,GMH,157739
BSCNURS,OVT,GMH,3274
BSCNURS,OVT,GMH,2201
BSCNURS,OVT,GMH,2545
BSCNURS,OVT,GMH,5732
BSCNURS,OVT,GMH,5344
BSCNURS,OVT,GMH,2585
BSCNURS,OVT,GMH,2759
BSCNURS,OVT,GMH,75793
BSCNURS,OVT,GMH,88425
BSCNURS,OVT,GMH,27370
BSCNURS,OVT,GMH,65767
BSCNURS,OVT,GMH,85308
BSCNURS,OVT,GMH,52465
BSCNURS,OVT,GMH,53413
BSCNURS,OVT,GMH,61312
BSCNURS,OVT,GMH,85064
BSCNURS,OVT,GMH,04848
BSCNURS,OVT,GMH,78659
BSCNURS,OVT,GMH,85124
BSCNURS,OVT,GMH,56255
BSCNURS,OVT,GMH,31252
BSCNURS,OVT,GMH,49033
BSCNURS,OVT,GMH,23521
BSCNURS,OVT,GMH,88114
BSCNURS,OVT,GMH,4702
BSCNURS,OVT,GMH,63592
BSCNURS,OVT,GMH,93145
BSCNURS,OVT,GMH,1886
BSCNURS,OVT,GMH,92658
BSCNURS,OVT,GMH,5870
BSCNURS,OVT,GMH,99102
BSCNURS,OVT,GMH,14584
BSCNURS,OVT,GMH,62951
BSCNURS,OVT,GMH,73616
BSCNURS,OVT,GMH,14315
BSCNURS,OVT,GMH,58223
BSCNURS,OVT,GMH,79534
BSCNURS,OVT,GMH,61012
BSCNURS,OVT,GMH,62837
BSCNURS,OVT,GMH,51033
BSCNURS,OVT,GMH,10664
BSCNURS,OVT,GMH,67570
BSCNURS,OVT,GMH,75100
BSCNURS,OVT,GMH,56115
BSCNURS,OVT,GMH,106924
BSCNURS,OVT,GMH,116923
BSCNURS,OVT,GMH,71665
BSCNURS,OVT,GMH,91239
BSCNURS,OVT,GMH,101929
BSCNURS,OVT,GMH,108298
BSCNURS,OVT,GMH,160510
BSCNURS,OVT,GMH,88071
BSCNURS,OVT,GMH,99128
BSCNURS,OVT,GMH,64684
BSCNURS,OVT,GMH,22902
BSCNURS,OVT,GMH,20826
BSCNURS,OVT,GMH,78764
BSCNURS,OVT,GMH,12789
BSCNURS,OVT,GMH,14417
BSCNURS,OVT,GMH,01443
BSCNURS,OVT,GMH,04384
BSCNURS,OVT,GMH,85015
BSCNURS,OVT,GMH,71216
BSCNURS,OVT,GMH,91301
BSCNURS,OVT,GMH,77276
BSCNURS,OVT,GMH,65431
BSCNURS,OVT,GMH,76130
BSCNURS,OVT,GMH,47454
BSCNURS,OVT,GMH,136076
BSCNURS,OVT,GMH,106496
BSCNURS,OVT,GMH,115749
BSCNURS,OVT,GMH,65071
BSCNURS,OVT,GMH,08780
BSCNURS,OVT,GMH,14331
BSCNURS,OVT,GMH,28387
BSCNURS,OVT,GMH,14897
BSCNURS,OVT,GMH,116655
BSCNURS,OVT,GMH,112269
BSCNURS,OVT,GMH,126740
BSCNURS,OVT,GMH,128195
BSCNURS,OVT,GMH,40463
BSCNURS,OVT,GMH,49014
BSCNURS,OVT,GMH,95371
BSCNURS,OVT,GMH,78034
BSCNURS,OVT,GMH,1626
BSCNURS,OVT,GMH,0216
BSCNURS,OVT,GMH,0251
BSCNURS,OVT,GMH,0463
BSCNURS,OVT,GMH,1535
BSCNURS,OVT,GMH,95004
BSCNURS,OVT,GMH,0273
BSCNURS,OVT,GMH,1097
BSCNURS,OVT,GMH,0428
BSCNURS,OVT,GMH,3905
BSCNURS,OVT,GMH,99285
BSCNURS,OVT,GMH,98718
BSCNURS,OVT,GMH,93217
BSCNURS,OVT,GMH,6820
BSCNURS,OVT,GMH,4323
BSCNURS,OVT,GMH,5976
BSCNURS,OVT,GMH,45214
BSCNURS,OVT,GMH,65230
BSCNURS,OVT,GMH,15102
BSCNURS,OVT,GMH,50316
BSCNURS,OVT,GMH,68616
BSCNURS,OVT,GMH,4599
BSCNURS,OVT,GMH,6669
BSCNURS,OVT,GMH,6512
BSCNURS,OVT,GMH,2667
BSCNURS,OVT,GMH,41508
BSCNURS,OVT,GMH,84069
BSCNURS,OVT,GMH,35353
BSCNURS,OVT,GMH,32304
BSCNURS,OVT,GMH,73057
BSCNURS,OVT,GMH,77000
BSCNURS,OVT,GMH,00689
BSCNURS,OVT,GMH,26370
BSCNURS,OVT,GMH,90442
BSCNURS,OVT,GMH,24430
BSCNURS,OVT,GMH,14707
BSCNURS,OVT,GMH,2439
BSCNURS,OVT,GMH,0012
BSCNURS,OVT,GMH,1452
BSCNURS,OVT,GMH,1360
BSCNURS,OVT,GMH,98213
BSCNURS,OVT,GMH,84190
BSCNURS,OVT,GMH,58988
BSCNURS,OVT,GMH,67382
BSCNURS,OVT,GMH,47734
BSCNURS,OVT,GMH,4584
BSCNURS,OVT,GMH,3561
BSCNURS,OVT,GMH,90663
BSCNURS,GOVT,GMH,10354
BSCNURS,GOVT,GMH,12056
BSCNURS,OVT,GMKH,90957
BSCNURS,OVT,GMKH,22814
BSCNURS,OVT,GMKH,23930
BSCNURS,OVT,GMKH,36370
BSCNURS,OVT,GMKH,40439
BSCNURS,OVT,GMKH,133922
BSCNURS,OVT,GMKH,127874
BSCNURS,OVT,GMKH,54375
BSCNURS,OVT,GMKH,46488
BSCNURS,OVT,GMKH,01690
BSCNURS,OVT,GMKH,59264
BSCNURS,OVT,GMKH,104424
BSCNURS,OVT,GMKH,69704
BSCNURS,OVT,GMKH,03832
BSCNURS,OVT,GMKH,24158
BSCNURS,OVT,GMKH,77337
BSCNURS,OVT,GMKH,00914
BSCNURS,OVT,GMKH,70014
BSCNURS,OVT,GMKH,138632
BSCNURS,OVT,GMRH,1184
BSCNURS,OVT,GMRH,64513
BSCNURS,OVT,GMRH,87363
BSCNURS,OVT,GMRH,79195
BSCNURS,OVT,GMRH,1560
BSCNURS,OVT,GMRH,92011
BSCNURS,OVT,GMRH,30326
BSCNURS,OVT,GMRH,05269
BSCNURS,OVT,GMRH,4983
BSCNURS,OVT,GMRH,6230
BSCNURS,OVT,GMRH,6283
BSCNURS,OVT,GMRH,6483
BSCNURS,OVT,GMRH,65914
BSCNURS,OVT,GMRH,53698
BSCNURS,OVT,GMRH,04148
BSCNURS,OVT,GMRH,153272
BSCNURS,OVT,GMRH,28708
BSCNURS,OVT,GMRH,87982
BSCNURS,OVT,GMRH,23123
BSCNURS,OVT,GMRH,44962
BSCNURS,OVT,GMRH,62286
BSCNURS,OVT,GMRH,89874
BSCNURS,OVT,GMRH,71335
BSCNURS,OVT,GMRH,22236
BSCNURS,OVT,GMRH,13756
BSCNURS,OVT,GMRH,1638
BSCNURS,OVT,GMRH,58845
BSCNURS,OVT,GMRH,15603
BSCNURS,OVT,GMRH,76583
BSCNURS,OVT,GMRH,87251
BSCNURS,OVT,GMRH,66097
BSCNURS,OVT,GMRH,98807
BSCNURS,OVT,GMRH,05496
BSCNURS,OVT,GMRH,95957
BSCNURS,OVT,GMRH,0614
BSCNURS,OVT,GMRH,2410
BSCNURS,OVT,GMRH,0460
BSCNURS,OVT,GMRH,08030
BSCNURS,OVT,GMRH,66271
BSCNURS,OVT,GMRH,70098
BSCNURS,OVT,GMRH,47146
BSCNURS,OVT,GMRH,27244
BSCNURS,OVT,GMRH,33191
BSCNURS,OVT,GMRH,23335
BSCNURS,OVT,GMRH,15776
BSCNURS,OVT,GMRH,38365
BSCNURS,OVT,GMRH,17302
BSCNURS,OVT,GMRH,15289
BSCNURS,OVT,GMRH,23131
BSCNURS,OVT,GMRH,99547
BSCNURS,OVT,GMRH,67150
BSCNURS,OVT,GMRH,14980
BSCNURS,OVT,GMRH,57966
BSCNURS,OVT,GMRH,45007
BSCNURS,OVT,GMRH,96301
BSCNURS,OVT,GMRH,98821
BSCNURS,OVT,GMRH,71329
BSCNURS,OVT,GMRH,44188
BSCNURS,OVT,SCH,43496
BSCNURS,OVT,SCH,64137
BSCNURS,OVT,SCH,109088
BSCNURS,OVT,SCH,117161
BSCNURS,OVT,SCH,112076
BSCNURS,OVT,SCH,120527
BSCNURS,OVT,SCH,86019
BSCNURS,OVT,SCH,72998
BSCNURS,OVT,SCH,83515
BSCNURS,OVT,SCH,110597
BSCNURS,OVT,SCH,105614
BSCNURS,OVT,SCH,107719
BSCNURS,OVT,SCH,78244
BSCNURS,OVT,SCH,117571
BSCNURS,OVT,SCH,82582
BSCNURS,OVT,SCH,21745
BSCNURS,OVT,SCH,12972
BSCNURS,OVT,SCH,90033
BSCNURS,OVT,SCH,134276
BSCNURS,OVT,SCH,113876
BSCNURS,OVT,SCH,104242
BSCNURS,OVT,SCH,04072
BSCNURS,OVT,SCH,38497
BSCNURS,OVT,SCH,40303
BSCNURS,OVT,SCH,14429
BSCNURS,OVT,SCH,10669
BSCNURS,OVT,SCH,46420
BSCNURS,OVT,SCH,47989
BSCNURS,OVT,SCH,153006
BSCNURS,OVT,SCH,153980
BSCNURS,OVT,SCH,15458
BSCNURS,OVT,SCH,49479
BSCNURS,OVT,SCH,14016
BSCNURS,OVT,SCH,5673
BSCNURS,OVT,SCH,5873
BSCNURS,OVT,SCH,3305
BSCNURS,OVT,SCH,59421
BSCNURS,OVT,SCH,12487
BSCNURS,OVT,SCH,61690
BSCNURS,OVT,SCH,35178
BSCNURS,OVT,SCH,34125
BSCNURS,OVT,SCH,1362
BSCNURS,OVT,SCH,89747
BSCNURS,OVT,SCH,67009
BSCNURS,OVT,SCH,67251
BSCNURS,OVT,SCH,72618
BSCNURS,OVT,SCH,0600
BSCNURS,OVT,SCH,83782
BSCNURS,OVT,SCH,138200
BSCNURS,OVT,SCH,48968
BSCNURS,OVT,SCH,15258
BSCNURS,OVT,SCH,90635
BSCNURS,OVT,SCH,21301
BSCNURS,OVT,SCH,43905
BSCNURS,OVT,SCH,17267
BSCNURS,OVT,SCH,113048
BSCNURS,OVT,SCH,119985
BSCNURS,OVT,SCH,164897
BSCNURS,OVT,SCH,95153
BSCNURS,OVT,SCH,41737
BSCNURS,OVT,SCH,80217
BSCNURS,OVT,SCH,08840
BSCNURS,OVT,SCH,15247
BSCNURS,OVT,SCH,102751
BSCNURS,OVT,SCH,104416
BSCNURS,OVT,SCH,120223
BSCNURS,OVT,SCH,123471
BSCNURS,OVT,SCH,2382
BSCNURS,OVT,SCH,1155
BSCNURS,OVT,SCH,0761
BSCNURS,OVT,SCH,96791
BSCNURS,OVT,SCH,98205
BSCNURS,OVT,SCH,95545
BSCNURS,OVT,SCH,75892
BSCNURS,OVT,SCH,35550
BSCNURS,OVT,SCH,42741
BSCNURS,OVT,SCH,40527
BSCNURS,OVT,SCH,165979
BSCNURS,OVT,SCH,141454
BSCNURS,OVT,SCH,115510
BSCNURS,OVT,SCH,124050
BSCNURS,OVT,SCH,23655
BSCNURS,OVT,SCH,4448
BSCNURS,OVT,SCH,18270
BSCNURS,OVT,SCH,18150
BSCNURS,OVT,SCH,02745
BSCNURS,OVT,SCH,06715
BSCNURS,OVT,SCH,09430
BSCNURS,OVT,SCH,29281
BSCNURS,OVT,SCH,05613
BSCNURS,OVT,SCH,68229
BSCNURS,OVT,SCH,161691
BSCNURS,OVT,SCH,61109
BSCNURS,OVT,SCH,31783
BSCNURS,OVT,SCH,11512
BSCNURS,OVT,SCH,31267
BSCNURS,OVT,SCH,43012
BSCNURS,OVT,SCH,95109
BSCNURS,OVT,SCH,12414
BSCNURS,OVT,SCH,15629
BSCNURS,OVT,SCH,16317
BSCNURS,OVT,SCH,15592
BSCNURS,OVT,SCH,02606
BSCNURS,OVT,SCH,09848
BSCNURS,OVT,SCH,18935
BSCNURS,OVT,SCH,17357
BSCNURS,OVT,SCH,88126
BSCNURS,OVT,SCH,41537
BSCNURS,OVT,SCH,15512
BSCNURS,GOVT,SCH,13557
BSCNURS,OVT,SCKH,26192
BSCNURS,OVT,SCKH,37757
BSCNURS,OVT,SCKH,15807
BSCNURS,OVT,SCKH,42787
BSCNURS,OVT,SCKH,19628
BSCNURS,OVT,SCKH,06207
BSCNURS,OVT,SCKH,14033
BSCNURS,OVT,SCRH,98019
BSCNURS,OVT,SCRH,46426
BSCNURS,OVT,SCRH,34710
BSCNURS,OVT,SCRH,42156
BSCNURS,OVT,SCRH,59779
BSCNURS,OVT,SCRH,63457
BSCNURS,OVT,SCRH,68595
BSCNURS,OVT,SCRH,61945
BSCNURS,OVT,SCRH,56710
BSCNURS,OVT,SCRH,94739
BSCNURS,OVT,SCRH,80466
BSCNURS,OVT,SCRH,20266
BSCNURS,OVT,SCRH,18113
BSCNURS,OVT,SCRH,04157
BSCNURS,OVT,SCRH,18522
BSCNURS,OVT,SCRH,11731
BSCNURS,OVT,SCRH,65324
BSCNURS,OVT,SCRH,20781
BSCNURS,OVT,SCRH,26732
BSCNURS,OVT,SCRH,25797
BSCNURS,OVT,SCRH,73298
BSCNURS,OVT,SCRH,24826
BSCNURS,OVT,STH,96587
BSCNURS,OVT,STH,22765
BSCNURS,OVT,STH,85294
BSCNURS,OVT,STH,36182
BSCNURS,OVT,STH,08864
BSCNURS,OVT,STH,33186
BSCNURS,OVT,STH,22087
BSCNURS,OVT,STH,93355
BSCNURS,OVT,STH,40299
BSCNURS,OVT,STH,40911
BSCNURS,OVT,STH,85318
BSCNURS,OVT,STH,55230
BSCNURS,OVT,STH,44559
BSCNURS,OVT,STH,64153
BSCNURS,OVT,STH,26223
BSCNURS,OVT,STH,65708
BSCNURS,OVT,STH,67050
BSCNURS,OVT,STH,71875
BSCNURS,OVT,STH,98792
BSCNURS,OVT,STH,78948
BSCNURS,OVT,STH,65047
BSCNURS,OVT,STH,10952
BSCNURS,OVT,STH,25396
BSCNURS,OVT,STH,80277
BSCNURS,OVT,STH,90990
BSCNURS,OVT,STH,14724
BSCNURS,OVT,STH,34827
BSCNURS,OVT,STH,21022
BSCNURS,OVT,STH,19000
BSCNURS,OVT,STH,26252
BSCNURS,OVT,STH,75602
BSCNURS,OVT,STH,06452
BSCNURS,OVT,STH,67304
BSCNURS,OVT,STH,78203
BSCNURS,OVT,STH,28612
BSCNURS,OVT,STH,31465
BSCNURS,OVT,STH,41319
BSCNURS,OVT,STH,05537
BSCNURS,OVT,STH,66291
BSCNURS,OVT,STH,36414
BSCNURS,OVT,STH,66970
BSCNURS,OVT,STH,63543
BSCNURS,OVT,STH,07521
BSCNURS,OVT,STH,04816
BSCNURS,OVT,STH,63432
BSCNURS,OVT,STH,93976
BSCNURS,OVT,STH,85156
BSCNURS,OVT,STH,37515
BSCNURS,OVT,STKH,81736
BSCNURS,OVT,STKH,54768
BSCNURS,GOVT,STKH,31567
BSCNURS,OVT,STRH,2531
BSCNURS,OVT,STRH,0480
BSCNURS,OVT,STRH,3134
BSCNURS,OVT,STRH,7528
BSCNURS,OVT,STRH,5464
BSCNURS,OVT,STRH,3585
BSCNURS,OVT,STRH,1791
BSCNURS,OVT,STRH,7228
BSCNURS,OVT,STRH,7836
